{"schemaVersion":"1.0","appDefinitionTemplate":{"id":"/providers/Microsoft.PowerApps/apps/","type":"Microsoft.PowerApps/apps","tags":{"primaryDeviceWidth":"640","primaryDeviceHeight":"1136","supportsPortrait":"true","supportsLandscape":"true","primaryFormFactor":"Phone","showStatusBar":"false","publisherVersion":"3.24084.21","minimumRequiredApiVersion":"2.2.0","hasComponent":"false","hasUnlockedComponent":"false","isUnifiedRootApp":"false","sienaVersion":"20240906T071105Z-3.24084.21.0"},"properties":{"appVersion":"2024-09-06T07:11:05Z","lifeCycleId":"Published","createdByClientVersion":{"major":3,"minor":24084,"build":21,"revision":0,"majorRevision":0,"minorRevision":0},"minClientVersion":{"major":3,"minor":24084,"build":21,"revision":0,"majorRevision":0,"minorRevision":0},"backgroundColor":"RGBA(0,176,240,1)","backgroundImageUri":"/3306786242992951721/Nbd129eea-f346-416e-8c32-9b0c489fcc41-logoSmallFile","displayName":"Sales Leaderboard App","description":"","commitMessage":"","appUris":{"documentUri":{"value":"/3306786242992951721/N6733132f-6004-448f-b34f-2d8ab3c321a9-document.msapp"},"imageUris":[],"additionalUris":[{"isSolutionAware":false,"value":"/3306786242992951721/N16b5a9a6-e9e0-44b4-8472-68fc242bdf62-identity.json"}]},"createdTime":"0001-01-01T00:00:00Z","lastModifiedTime":"0001-01-01T00:00:00Z","sharedGroupsCount":0,"sharedUsersCount":0,"connectionReferences":{},"databaseReferences":{"default.cds":{"databaseDetails":{"referenceType":"Environmental","environmentName":"default.cds","overrideValues":{"status":"NotSpecified","environmentVariableName":""}},"dataSources":{"Leadership Employees":{"entitySetName":"dp_leadershipemployeeses","logicalName":"dp_leadershipemployees","isHidden":false},"Sales boards":{"entitySetName":"dp_salesboards","logicalName":"dp_salesboard","isHidden":false}},"actions":["providers/PowerPlatform.Governance/Operations/Read","providers/PowerPlatform.Governance/Operations/Write"]}},"almMode":"Environment","performanceOptimizationEnabled":false,"canConsumeAppPass":false,"enableModernRuntimeMode":false,"executionRestrictions":{"isTeamsOnly":false,"dataLossPreventionEvaluationResult":{"status":"Compliant","lastEvaluationDate":"2024-09-06T06:07:10.1551067Z","violations":[],"violationsByPolicy":[],"violationErrorMessage":"The app uses the following connectors: ."}}},"appType":"ClassicCanvasApp","appComponents":[]}}